{"_runtime":235.690547879,"train_loss_epoch":4.196051120758057,"val_r2":0.9797475934028625,"_timestamp":1.7430038402305436e+09,"epoch":18,"test_r2":0.9799303412437439,"train_loss_step":3.225923776626587,"test_mse":8.29942798614502,"val_mse":8.377445220947266,"val_mae":1.912831425666809,"lr-Adam":0.0001,"val_loss":2.6819968223571777,"trainer/global_step":10134,"test_mae":1.9062581062316895,"_step":440,"_wandb":{"runtime":235},"test_loss":2.680975914001465}