{"test_r2":0.9799303412437439,"test_mse":8.29942798614502,"train_loss_step":3.225923776626587,"train_r2":0.9797475934028625,"Test Set Predictions vs Actual":{"height":800,"_type":"image-file","sha256":"ee0ec5347cbe58fde56cdc97146221941bd1a0cfb4a589e05d339000a2aeb400","size":39419,"path":"media/images/Test Set Predictions vs Actual_441_ee0ec5347cbe58fde56c.png","format":"png","width":800},"val_loss":2.6819968223571777,"test_mae":1.9062581062316895,"test_loss":2.680975914001465,"epoch":18,"val_mae":1.912831425666809,"val_mse":8.377445220947266,"train_mae":1.912831425666809,"val_r2":0.9797475934028625,"_runtime":426.780873148,"train_loss_epoch":4.196051120758057,"trainer/global_step":10134,"train_mse":8.377445220947266,"_wandb":{"runtime":426},"lr-Adam":0.0001,"_step":441,"_timestamp":1.7430046270841954e+09}