{"test_mae":1.9062581062316895,"_runtime":845.382243707,"val_r2":0.9797475934028625,"test_loss":2.680975914001465,"train_r2":0.9797475934028625,"val_loss":2.6819968223571777,"train_loss_step":3.225923776626587,"_timestamp":1.7430057489525611e+09,"test_mse":8.29942798614502,"_wandb":{"runtime":845},"val_mae":1.912831425666809,"train_mae":1.912831425666809,"_step":441,"Test Set Time Series Plot":{"_type":"image-file","sha256":"a3f03f29ed4a5e0c49c55470ecc876138a28f5b73034071fc1a163657ae67606","size":84830,"path":"media/images/Test Set Time Series Plot_441_a3f03f29ed4a5e0c49c5.png","format":"png","width":1500,"height":500},"trainer/global_step":10134,"lr-Adam":0.0001,"epoch":18,"train_loss_epoch":4.196051120758057,"test_r2":0.9799303412437439,"val_mse":8.377445220947266,"Test Set Scatter Plot":{"format":"png","width":800,"height":800,"_type":"image-file","sha256":"ee0ec5347cbe58fde56cdc97146221941bd1a0cfb4a589e05d339000a2aeb400","size":39419,"path":"media/images/Test Set Scatter Plot_441_ee0ec5347cbe58fde56c.png"},"train_mse":8.377445220947266}